{
    "compat_patches": "on",
    "region": "auto",
    "version_spoofing": "on",
    "boot_workmode": "3",
    "speed_normal_battery": "33000",
    "speed_normal_kmh": "26",
    "speed_normal_kmh_eu": "26",
    "speed_normal_kmh_de": "26",
    "patch_all": "on",
    "direct_power_control": "dyn",
    "direct_power_control_curve": "quadratic",
    "current_raising_coefficient": "1800",
    "motor_start_speed": "2",
    "brake_limit": "120",
    "brake_i_min": "6000",
    "brake_i_max": "35000",
    "kers_min_speed": "6",
    "brake_current_raising_coefficient": "500",
    "brake_light_mode": "stock",
    "brake_light_flash_frequency": "235",
    "cruise_control_delay": "3",
    "error_raising_level": "0",
    "no_overspeed_alarm": "on",
    "stay_on_locked": "on",
    "wheel_speed_const": "315",
    "showbatt": "on"
}